field,year,papers,repos,questions,papers_growth,papers_z,papers_burst,repos_growth,repos_z,repos_burst,questions_growth,questions_z,questions_burst,csi,csi_slope,graph_degree,graph_aa_max,graph_conductance_max,target
AIAppliedMathematics,2015,955373,1376,8991,,-1.1249477730937312,0.0,,-1.5365316438077874,0.0,,-1.025474532313616,0.0,0.0,,4.0,2.164042561333445,1.1515955106264204,1
AIAppliedMathematics,2016,1053526,3900,16135,0.10273788352821356,-1.0360302999131377,0.0,1.8343023255813953,-1.3899786258213864,0.0,0.7945723501279056,-0.3338213923165925,0.0,0.13265197763372222,0.13265197763372222,4.0,2.164042561333445,1.1515955106264204,1
AIAppliedMathematics,2017,1140332,16219,27160,0.08239568838358058,-0.9573921515436064,0.0,3.158717948717949,-0.6746907381135925,0.0,0.683297180043384,0.7335744459346931,0.0,0.4408224549813654,0.3081704773476432,4.0,2.164042561333445,1.1515955106264204,0
AIAppliedMathematics,2018,1349704,20327,29429,0.18360617784995958,-0.7677206265289126,0.0,0.25328318638633696,-0.4361646692197198,0.0,0.08354197349042702,0.9532498343240052,1.0,0.53994843388854,0.09912597890717456,4.0,2.164042561333445,1.1515955106264204,1
AIAppliedMathematics,2019,1574241,21119,29837,0.16636017971347794,-0.5643110244224977,0.0,0.038962955674718414,-0.39017814376598386,0.0,0.013863875768799439,0.9927507415354814,1.0,0.57350529703418,0.03355686314563999,4.0,2.164042561333445,1.1515955106264204,0
AIAppliedMathematics,2020,1927955,31438,34105,0.2246885959646585,-0.24387909561135113,0.0,0.4886121501965055,0.208982154412174,0.0,0.1430438717029192,1.4059612120712173,1.0,0.7901649945650137,0.2166596975308337,4.0,2.164042561333445,1.1515955106264204,0
AIAppliedMathematics,2021,2241887,32774,26471,0.1628316013599902,0.04051404764998676,0.0,0.042496342006488996,0.28655538421797094,0.0,-0.2238381468992816,0.6668682570408032,0.0,0.7341538544807742,-0.056011140084239464,4.0,2.164042561333445,1.1515955106264204,0
AIAppliedMathematics,2022,2559744,34582,21778,0.1417810085878548,0.3284628752228977,0.0,0.05516568011228418,0.39153472515276205,0.0,-0.1772883532922821,0.21251100815977977,0.0,0.7225005564774528,-0.011653298003321377,4.0,2.164042561333445,1.1515955106264204,0
AIAppliedMathematics,2023,3341581,38665,12998,0.30543562168716876,1.0367343542311371,1.0,0.11806720259094328,0.6286091991775143,0.0,-0.40315915143723025,-0.6375330244793393,0.0,0.7248013473335414,0.002300790856088586,4.0,2.164042561333445,1.1515955106264204,1
AIAppliedMathematics,2024,3676034,40762,6855,0.10008825163896962,1.339717611570893,1.0,0.0542350963403595,0.7503689767993379,1.0,-0.4726111709493769,-1.2322733994795794,0.0,0.6994997484766601,-0.025301598856881324,4.0,2.164042561333445,1.1515955106264204,0
AIAppliedMathematics,2025,4348437,65065,1654,0.18291533756216616,1.948852082438321,1.0,0.5962170649133998,2.1614933809687122,1.0,-0.7587162654996353,-1.7358131504768526,0.0,1.0,0.3005002515233399,4.0,2.164042561333445,1.1515955106264204,0
ComputationalQuantumMatter,2015,209963,28,7,,-1.2447788370965283,0.0,,-1.4103501181047748,0.0,,-1.3631243920156766,0.0,0.0,,4.0,2.164042561333445,1.1044561835637055,1
ComputationalQuantumMatter,2016,228874,67,12,0.09006825012025921,-1.1144898363464852,0.0,1.3928571428571428,-1.2991703678903412,0.0,0.7142857142857142,-1.2392039927415242,0.0,0.04876776581777592,0.04876776581777592,4.0,2.164042561333445,1.1044561835637055,1
ComputationalQuantumMatter,2017,250106,210,24,0.09276719941976808,-0.9682101015929075,0.0,2.1343283582089554,-0.8915112837707508,0.0,1.0,-0.9417950344835584,0.0,0.18104976932469116,0.13228200350691524,4.0,2.164042561333445,1.1044561835637055,1
ComputationalQuantumMatter,2018,274098,343,47,0.09592732681343108,-0.8029151036554623,0.0,0.6333333333333333,-0.5123598279112717,0.0,0.9583333333333333,-0.37176119782245726,0.0,0.3426098444294852,0.16156007510479406,4.0,2.164042561333445,1.1044561835637055,1
ComputationalQuantumMatter,2019,307601,358,57,0.12223000532656214,-0.5720932332028852,0.0,0.0437317784256559,-0.4695983855211048,0.0,0.2127659574468086,-0.12392039927415241,0.0,0.400847472623712,0.05823762819422679,4.0,2.164042561333445,1.1044561835637055,1
ComputationalQuantumMatter,2020,356992,596,113,0.1605683986723061,-0.2318095868570883,0.0,0.6648044692737429,0.20888316706954213,0.0,0.9824561403508771,1.2639880725963546,1.0,0.7388988532920041,0.3380513806682921,4.0,2.164042561333445,1.1044561835637055,0
ComputationalQuantumMatter,2021,407813,712,104,0.1423589324130512,0.1183261704861472,0.0,0.19463087248322153,0.5395716548868322,0.0,-0.07964601769911506,1.0409313539028804,1.0,0.808036047074079,0.06913719378207484,4.0,2.164042561333445,1.1044561835637055,0
ComputationalQuantumMatter,2022,488170,681,86,0.1970437430881311,0.6719528022492053,0.0,-0.0435393258426966,0.4511980072804874,0.0,-0.17307692307692313,0.5948179165159316,1.0,0.7804165573792059,-0.027619489694873045,4.0,2.164042561333445,1.1044561835637055,1
ComputationalQuantumMatter,2023,615586,688,90,0.26100743593420317,1.5497965608853144,1.0,0.010279001468428861,0.4711533470625653,0.0,0.04651162790697683,0.6939542359352535,1.0,0.8687749663760012,0.08835840899679526,4.0,2.164042561333445,1.1044561835637055,0
ComputationalQuantumMatter,2024,590578,780,120,-0.04062470556510378,1.3775017414280106,1.0,0.13372093023255816,0.7334235270555884,1.0,0.33333333333333326,1.437476631580168,1.0,1.0,0.13122503362399884,4.0,2.164042561333445,1.1044561835637055,0
ComputationalQuantumMatter,2025,567241,1287,22,-0.039515525468270085,1.2167194237026788,1.0,0.6499999999999999,2.1787602798432273,1.0,-0.8166666666666667,-0.9913631941932193,0.0,0.9843465335469976,-0.015653466453002363,4.0,2.164042561333445,1.1044561835637055,0
ComputerSystemsEngineering,2015,476985,638,32680,,-1.3468820787171136,0.0,,-1.3969721338664804,0.0,,1.3132252059253577,1.0,0.0,,4.0,2.164042561333445,1.1622776830213057,1
ComputerSystemsEngineering,2016,527061,1388,31596,0.10498443347275077,-1.209693328448811,0.0,1.1755485893416928,-1.2411823030465277,0.0,-0.03317013463892293,1.20285023337687,1.0,0.04994623079217814,0.04994623079217814,4.0,2.164042561333445,1.1622776830213057,0
ComputerSystemsEngineering,2017,580647,4035,28917,0.10166944623108143,-1.0628885442831972,0.0,1.9070605187319885,-0.6913480601393078,0.0,-0.08478921382453475,0.9300692818479043,1.0,0.20378453449341652,0.15383830370123838,4.0,2.164042561333445,1.1622776830213057,0
ComputerSystemsEngineering,2018,690248,4866,24191,0.18875668004829094,-0.762624461326167,0.0,0.2059479553903345,-0.5187329275908001,0.0,-0.1634332745443856,0.44885883879979227,0.0,0.20516579823046108,0.001381263737044558,4.0,2.164042561333445,1.1622776830213057,1
ComputerSystemsEngineering,2019,794219,5126,21676,0.15062846976738786,-0.47778438715599175,0.0,0.05343197698314839,-0.4647257862398832,0.0,-0.10396428423793969,0.19277668385565314,0.0,0.2101084984176706,0.00494270018720952,4.0,2.164042561333445,1.1622776830213057,1
ComputerSystemsEngineering,2020,961696,7350,24584,0.21087004969662027,-0.018962589714412302,0.0,0.43386656262192735,-0.002757007915116688,0.0,0.13415759365196522,0.48887485744513887,0.0,0.49474890773347124,0.28464040931580065,4.0,2.164042561333445,1.1622776830213057,0
ComputerSystemsEngineering,2021,1068427,8327,19804,0.1109820566998303,0.27343881025535793,0.0,0.13292517006802718,0.20018521169967507,0.0,-0.19443540514155544,0.0021660301556815625,0.0,0.5043887018515483,0.009639794118077027,4.0,2.164042561333445,1.1622776830213057,0
ComputerSystemsEngineering,2022,1190629,9767,16503,0.11437561948546793,0.6082247288648142,0.0,0.17293142788519278,0.49930168687398435,0.0,-0.16668349828317508,-0.3339481620791508,0.0,0.5843918062677012,0.08000310441615288,4.0,2.164042561333445,1.1622776830213057,0
ComputerSystemsEngineering,2023,1486037,9963,10126,0.24811087248840735,1.417527675171603,1.0,0.02006757448551233,0.5400147626615986,0.0,-0.38641459128643274,-0.9832666122098765,0.0,0.5756927955758595,-0.008699010691841647,4.0,2.164042561333445,1.1622776830213057,1
ComputerSystemsEngineering,2024,1430436,10989,5833,-0.037415622894988454,1.2652025752501257,1.0,0.102981029810298,0.7531352512232939,1.0,-0.42395812759233653,-1.4203881593968306,0.0,0.5376272201513775,-0.03806557542448197,4.0,2.164042561333445,1.1622776830213057,0
ComputerSystemsEngineering,2025,1448409,18547,1700,0.012564700552838426,1.3144416001037922,1.0,0.6877786877786878,2.323081306339564,1.0,-0.7085547745585462,-1.841218197720539,0.0,1.0,0.46237277984862246,4.0,2.164042561333445,1.1622776830213057,0
FinTechDigitalFinance,2015,588762,183,3182,,-1.1845616058850883,0.0,,-1.4887188779700713,0.0,,1.4157747834741827,1.0,0.020356980631538405,,4.0,2.164042561333445,1.1622776830213057,0
FinTechDigitalFinance,2016,655346,424,2908,0.11309153783702075,-1.0746976807265698,0.0,1.3169398907103824,-1.409749097565504,0.0,-0.08610936517913259,1.1179769471010104,1.0,0.0,-0.020356980631538405,4.0,2.164042561333445,1.1622776830213057,1
FinTechDigitalFinance,2017,722911,2183,2655,0.10309821071617131,-0.9632151007774031,0.0,4.148584905660377,-0.8333680032433711,0.0,-0.08700137551581844,0.8430030324936651,0.0,0.166463722925457,0.166463722925457,4.0,2.164042561333445,1.1622776830213057,0
FinTechDigitalFinance,2018,833796,5150,2182,0.15338679311837833,-0.7802543092779087,0.0,1.3591387998167659,0.1388450194136887,0.0,-0.17815442561205275,0.32892136605384575,0.0,0.43549423681461247,0.26903051388915544,4.0,2.164042561333445,1.1622776830213057,0
FinTechDigitalFinance,2019,963027,3258,1664,0.1549911489141229,-0.5670225281869482,0.0,-0.367378640776699,-0.4811169080777697,0.0,-0.2373968835930339,-0.23406870416988884,0.0,0.11699261887977985,-0.3185016179348326,4.0,2.164042561333445,1.1622776830213057,1
FinTechDigitalFinance,2020,1198750,3726,2013,0.24477299182681267,-0.17807842704941546,0.0,0.14364640883977908,-0.32776480339172187,0.0,0.20973557692307687,0.1452431385098088,0.0,0.3128535718823426,0.19586095300256273,4.0,2.164042561333445,1.1622776830213057,1
FinTechDigitalFinance,2021,1363951,6155,2158,0.13781105318039621,0.09450402969863861,0.0,0.6519055287171229,0.4681588339638556,0.0,0.07203179334326881,0.30283688403575765,0.0,0.6777359469060377,0.3648823750236951,4.0,2.164042561333445,1.1622776830213057,0
FinTechDigitalFinance,2022,1553447,8349,2206,0.13893167716435562,0.40717335508970315,0.0,0.35645816409423237,1.1870787435390457,1.0,0.022242817423540284,0.35500584807193386,0.0,0.9972691377254783,0.31953319081944065,4.0,2.164042561333445,1.1622776830213057,0
FinTechDigitalFinance,2023,1975486,6008,1081,0.271679046662036,1.1035397660889827,1.0,-0.28039286142052944,0.4199905446714431,0.0,-0.5099728014505893,-0.8677042465259454,0.0,0.5511043464454585,-0.44616479128001985,4.0,2.164042561333445,1.1622776830213057,1
FinTechDigitalFinance,2024,2057287,5881,492,0.0414080383257589,1.238511815558705,1.0,-0.021138482023968064,0.37837576412629764,0.0,-0.5448658649398705,-1.5078609093865238,0.0,0.4154041811755513,-0.1357001652699072,4.0,2.164042561333445,1.1622776830213057,0
FinTechDigitalFinance,2025,2460673,10672,132,0.1960766776827929,1.9041006854673044,1.0,0.8146573711953748,1.948268784534108,1.0,-0.7317073170731707,-1.8991281396578452,0.0,1.0,0.5845958188244487,4.0,2.164042561333445,1.1622776830213057,0
QuantitativeFinance,2015,368865,12,84,,-1.211045340092369,0.0,,-0.6876877264969606,0.0,,-1.0182210222447912,0.0,0.0,,4.0,2.164042561333445,1.1404068969726495,1
QuantitativeFinance,2016,410099,44,181,0.1117861548262915,-1.094511946589136,0.0,2.6666666666666665,-0.6444539205089395,0.0,1.1547619047619047,0.1123115799770528,0.0,0.16673155112541316,0.16673155112541316,4.0,2.164042561333445,1.1404068969726495,0
QuantitativeFinance,2017,453159,188,149,0.10499903681793898,-0.9728180065336184,0.0,3.2727272727272725,-0.44990179356284454,0.0,-0.17679558011049723,-0.2606476290033493,0.0,0.1709541047708667,0.004222553645453542,4.0,2.164042561333445,1.1404068969726495,0
QuantitativeFinance,2018,518373,206,158,0.14390975353021784,-0.7885135799943584,0.0,0.0957446808510638,-0.4255827776945827,0.0,0.06040268456375841,-0.15575285147761123,0.0,0.20589450627135952,0.034940401500492824,4.0,2.164042561333445,1.1404068969726495,1
QuantitativeFinance,2019,591436,223,152,0.14094676998994937,-0.5820267164951413,0.0,0.08252427184466016,-0.4026148182634465,0.0,-0.03797468354430378,-0.22568270316143663,0.0,0.21970000655066518,0.01380550027930566,4.0,2.164042561333445,1.1404068969726495,1
QuantitativeFinance,2020,758488,319,274,0.28245152476345714,-0.10991301296159875,0.0,0.4304932735426008,-0.27291340029938316,0.0,0.8026315789473684,1.1962242810763464,1.0,0.47401702728962736,0.2543170207389622,4.0,2.164042561333445,1.1404068969726495,0
QuantitativeFinance,2021,846103,369,312,0.11551270422208404,0.13769995865856344,0.0,0.15673981191222564,-0.2053605784431002,0.0,0.13868613138686126,1.639113341740574,1.0,0.5678551101204863,0.09383808283085893,4.0,2.164042561333445,1.1404068969726495,0
QuantitativeFinance,2022,938823,417,288,0.10958476686644536,0.3997404166694227,0.0,0.13008130081300817,-0.14050986946106855,0.0,-0.07692307692307687,1.3593939350052724,1.0,0.5682534530323833,0.00039834291189699833,4.0,2.164042561333445,1.1404068969726495,0
QuantitativeFinance,2023,1194060,428,178,0.2718691382720704,1.1210779962781123,1.0,0.026378896882494063,-0.1256482486526863,0.0,-0.3819444444444444,0.0773466541351401,0.0,0.4671440948022145,-0.10110935823016876,4.0,2.164042561333445,1.1404068969726495,1
QuantitativeFinance,2024,1241242,744,76,0.03951392727333625,1.2544213190765199,1.0,0.7383177570093458,0.301285585479022,0.0,-0.5730337078651686,-1.1114608244898916,0.0,0.41656826057199975,-0.05057583423021478,4.0,2.164042561333445,1.1404068969726495,0
QuantitativeFinance,2025,1450526,2781,33,0.16860853886671578,1.8458889119836024,1.0,2.7379032258064515,3.05338754790399,1.0,-0.5657894736842105,-1.612624761557307,0.0,1.0,0.5834317394280002,4.0,2.164042561333445,1.1404068969726495,0
